{
  "precision": 0.42048341415764934,
  "recall": 0.42865818397995004,
  "f1": 0.4208648271326095,
  "em": 0.4066615027110767,
  "STR Match": 0.2740776233828462,
  "Hit@1": 0.3806899856252995,
  "Final_Executable": 0.4631049353138476
}