{
  "precision": 0.42082738103251677,
  "recall": 0.4292650819967741,
  "f1": 0.42131001918443395,
  "em": 0.4051685393258427,
  "STR Match": 0.2723595505617977,
  "Hit@1": 0.3687640449438202,
  "Final_Executable": 0.458876404494382
}