{
  "precision": 0.6866733335083598,
  "recall": 0.7023052799448363,
  "f1": 0.686389408941213,
  "STR Match": 0.5527072352659319,
  "Hit@1": 0.6662673694298036,
  "Final_Executable": 0.8210349784379493
}