{
  "precision": 0.6921151717620441,
  "recall": 0.7042100597937717,
  "f1": 0.6916292653727129,
  "em": 0.6679576555641622,
  "STR Match": 0.5256348826066124,
  "Hit@1": 0.6212266411116435,
  "Final_Executable": 0.7709631049353138
}