{
  "precision": 0.6996186229026335,
  "recall": 0.709389100234755,
  "f1": 0.698894242800928,
  "em": 0.6773493975903614,
  "STR Match": 0.533932584269663,
  "Hit@1": 0.6182022471910112,
  "Final_Executable": 0.7696629213483146
}