{
  "precision": 0.5189932324350399,
  "recall": 0.5356754550290675,
  "f1": 0.5199257701554943,
  "STR Match": 0.34690943938667945,
  "Hit@1": 0.45759463344513657,
  "Final_Executable": 0.6411116435074269
}