{
  "precision": 0.355309803014069,
  "recall": 0.36822762324388775,
  "f1": 0.3545024368818169,
  "STR Match": 0.2616195495927168,
  "Hit@1": 0.3945855294681361,
  "Final_Executable": 0.46190704360325824
}