{
  "precision": 0.4433082477687682,
  "recall": 0.45204132797191593,
  "f1": 0.4433373655622521,
  "em": 0.4275755228505035,
  "STR Match": 0.0004791566842357451,
  "Hit@1": 0.09463344513655965,
  "Final_Executable": 0.14111164350742691
}