{
  "precision": 0.4462828812196179,
  "recall": 0.4542995452258705,
  "f1": 0.44637728163022866,
  "em": 0.4287640449438202,
  "STR Match": 0.2961797752808989,
  "Hit@1": 0.36269662921348317,
  "Final_Executable": 0.5184269662921348
}